{
  "mode": "both",
  "results": [
    {
      "method": "separable_nes",
      "psi_array_real": [
        [
          [
            0.5300868880113949,
            -0.5501893978149377
          ],
          [
            0.41930023514178977,
            0.6500430574496674
          ]
        ]
      ],
      "epsilon": 0.001,
      "R_eps": 0.47441035473394794,
      "q_array": [
        0.5069167050239447
      ],
      "psi_array_imag": [
        [
          [
            -0.5205295387580504,
            0.38124600584237256
          ],
          [
            -0.24051557380914595,
            -0.5863306192130727
          ]
        ]
      ]
    },
    {
      "method": "xnes",
      "psi_array_real": [
        [
          [
            0.5041484189533142,
            -0.49956412213633894
          ],
          [
            0.13026687615107638,
            0.4856041747246508
          ]
        ]
      ],
      "epsilon": 0.002,
      "R_eps": 0.3882726771099547,
      "q_array": [
        0.5323137038733968
      ],
      "psi_array_imag": [
        [
          [
            0.4926916252547604,
            0.5035126830029658
          ],
          [
            0.6484795410008978,
            -0.5715710029131076
          ]
        ]
      ]
    },
    {
      "method": "xnes",
      "psi_array_real": [
        [
          [
            0.4979045979205836,
            0.4487233397352003
          ],
          [
            0.20864858537823713,
            -0.6609580646166401
          ]
        ]
      ],
      "epsilon": 0.003,
      "R_eps": 0.33283856604309836,
      "q_array": [
        0.9293558578859888
      ],
      "psi_array_imag": [
        [
          [
            -0.5006576129724394,
            0.547795883809991
          ],
          [
            -0.6775430964493973,
            0.24603974697525743
          ]
        ]
      ]
    },
    {
      "method": "adaptive_de_rand_1_bin_radiuslimited",
      "psi_array_real": [
        [
          [
            -0.8322580446612534,
            0.30255582739621634
          ],
          [
            -0.36397661166834067,
            -0.21316433704817248
          ]
        ]
      ],
      "epsilon": 0.004,
      "R_eps": 0.291477080279055,
      "q_array": [
        0.7662984720469073
      ],
      "psi_array_imag": [
        [
          [
            -0.4237743782516032,
            0.19032024259832514
          ],
          [
            -0.5899531144942589,
            -0.6885036777445499
          ]
        ]
      ]
    },
    {
      "method": "separable_nes",
      "psi_array_real": [
        [
          [
            0.6841189698194692,
            0.32057932662249705
          ],
          [
            0.017303270726682054,
            -0.5559841313974399
          ]
        ]
      ],
      "epsilon": 0.005,
      "R_eps": 0.25842310669973834,
      "q_array": [
        0.5074909162893143
      ],
      "psi_array_imag": [
        [
          [
            0.5872665654520912,
            -0.2903930294919613
          ],
          [
            0.5773917176508445,
            0.5976629876816874
          ]
        ]
      ]
    },
    {
      "method": "adaptive_de_rand_1_bin_radiuslimited",
      "psi_array_real": [
        [
          [
            0.7639613056276232,
            0.42766775297341075
          ],
          [
            0.5954168196795163,
            -0.4904896142311304
          ]
        ]
      ],
      "epsilon": 0.006,
      "R_eps": 0.23098320853294985,
      "q_array": [
        0.5338770003912406
      ],
      "psi_array_imag": [
        [
          [
            0.3652392941472596,
            0.3163284283481688
          ],
          [
            -0.09241639879754023,
            0.6295696612825471
          ]
        ]
      ]
    },
    {
      "method": "separable_nes",
      "psi_array_real": [
        [
          [
            0.5848602093281102,
            -0.6027685299166571
          ],
          [
            -0.03693078247405837,
            0.7261601126548809
          ]
        ]
      ],
      "epsilon": 0.007,
      "R_eps": 0.20761695924551907,
      "q_array": [
        0.5805539138793314
      ],
      "psi_array_imag": [
        [
          [
            -0.5142656058662818,
            -0.17360737746356678
          ],
          [
            -0.2089441129903469,
            -0.6539648046658028
          ]
        ]
      ]
    },
    {
      "method": "separable_nes",
      "psi_array_real": [
        [
          [
            0.6811140104767384,
            -0.5683246564851334
          ],
          [
            0.6104544433207215,
            0.11121258276877585
          ]
        ]
      ],
      "epsilon": 0.008,
      "R_eps": 0.18736878455052894,
      "q_array": [
        0.5296232506434481
      ],
      "psi_array_imag": [
        [
          [
            -0.0439696999326356,
            0.45951872111066655
          ],
          [
            -0.7385457597768376,
            -0.26368028894769513
          ]
        ]
      ]
    },
    {
      "method": "separable_nes",
      "psi_array_real": [
        [
          [
            0.8175249672733484,
            -0.3840861139709664
          ],
          [
            0.01623557010469016,
            0.7793795271142082
          ]
        ]
      ],
      "epsilon": 0.009,
      "R_eps": 0.1696009050888683,
      "q_array": [
        0.9904695015152217
      ],
      "psi_array_imag": [
        [
          [
            0.15586636303778784,
            0.3997955250034258
          ],
          [
            0.09603471472506464,
            0.6189356126014114
          ]
        ]
      ]
    },
    {
      "method": "xnes",
      "psi_array_real": [
        [
          [
            0.5344718076621858,
            -0.4789890601977725
          ],
          [
            0.3612697094060901,
            -0.5061690072708372
          ]
        ]
      ],
      "epsilon": 0.01,
      "R_eps": 0.1538644278921809,
      "q_array": [
        0.5235812056140754
      ],
      "psi_array_imag": [
        [
          [
            0.3913508048696809,
            0.5759808282859968
          ],
          [
            -0.7323330299787472,
            0.27742650620703424
          ]
        ]
      ]
    },
    {
      "method": "adaptive_de_rand_1_bin_radiuslimited",
      "psi_array_real": [
        [
          [
            0.6561198904556569,
            -0.15474713381938907
          ],
          [
            0.21490890897815237,
            0.21708834784452088
          ]
        ]
      ],
      "epsilon": 0.1,
      "R_eps": 0.0,
      "q_array": [
        0.5893559162963288
      ],
      "psi_array_imag": [
        [
          [
            0.5279586115746822,
            -0.516545949928247
          ],
          [
            -0.6214226273193783,
            0.7214712248783298
          ]
        ]
      ]
    },
    {
      "method": "adaptive_de_rand_1_bin_radiuslimited",
      "psi_array_real": [
        [
          [
            0.31318261552083654,
            0.07931520748124492
          ],
          [
            -0.2733276096140342,
            -0.17272138806184814
          ]
        ]
      ],
      "epsilon": 0.11,
      "R_eps": 0.0,
      "q_array": [
        0.8001337079835769
      ],
      "psi_array_imag": [
        [
          [
            0.3932260902906183,
            0.8608129814962652
          ],
          [
            0.20910869593812897,
            -0.9228937605226951
          ]
        ]
      ]
    },
    {
      "method": "adaptive_de_rand_1_bin_radiuslimited",
      "psi_array_real": [
        [
          [
            -0.3173510031744004,
            -0.6223576932927981
          ],
          [
            -0.7241007212487056,
            0.24122509631844105
          ]
        ]
      ],
      "epsilon": 0.12,
      "R_eps": 0.0,
      "q_array": [
        0.8664542553531849
      ],